-- ================================================================
-- POPULAR BANCO COM DADOS DE TESTE
-- ================================================================

-- Limpar dados existentes
DELETE FROM Tipo_usuario WHERE id > 2;
DELETE FROM Usuario WHERE id > 0;
DELETE FROM Pais WHERE id > 1;

-- Resetar auto increment
ALTER TABLE Usuario AUTO_INCREMENT = 1;
ALTER TABLE Pais AUTO_INCREMENT = 1;

-- Inserir Brasil
INSERT IGNORE INTO Pais (id, nome) VALUES (1, 'Brasil');

-- ================================================================
-- INSERIR TIPOS DE USUĂRIO
-- ================================================================
DELETE FROM Tipo_usuario;
INSERT INTO Tipo_usuario (id, nome) VALUES
(1, 'Admin'),
(2, 'UsuĂĄrio Regular');

-- ================================================================
-- INSERIR USUĂRIOS DE TESTE
-- ================================================================
INSERT INTO Usuario (id, nome, email, senha, telefone, cpf, cidade_id, tipo_usuario_id, data_criacao) VALUES
(1, 'Admin Impacta', 'admin@impacta.com', '$2b$10$YourHashedPasswordHere', '11999999999', '12345678901234', 63, 1, NOW()),
(2, 'JoĂŁo Silva', 'joao@test.com', '$2b$10$YourHashedPasswordHere', '11988888888', '12345678901235', 63, 2, NOW()),
(3, 'Maria Santos', 'maria@test.com', '$2b$10$YourHashedPasswordHere', '21987654321', '12345678901236', 48, 2, NOW()),
(4, 'Pedro Oliveira', 'pedro@test.com', '$2b$10$YourHashedPasswordHere', '85986543210', '12345678901237', 13, 2, NOW()),
(5, 'Ana Costa', 'ana@test.com', '$2b$10$YourHashedPasswordHere', '31998765432', '12345678901238', 29, 2, NOW()),
(6, 'Carlos Mendes', 'carlos@test.com', '$2b$10$YourHashedPasswordHere', '47984321098', '12345678901239', 60, 2, NOW()),
(7, 'Lucia Ferreira', 'lucia@test.com', '$2b$10$YourHashedPasswordHere', '48987654321', '12345678901240', 62, 2, NOW()),
(8, 'Roberto Alves', 'roberto@test.com', '$2b$10$YourHashedPasswordHere', '51988776655', '12345678901241', 54, 2, NOW()),
(9, 'Fernanda Gomes', 'fernanda@test.com', '$2b$10$YourHashedPasswordHere', '61987654321', '12345678901242', 16, 2, NOW()),
(10, 'Giovanni Santos', 'giovanni@test.com', '$2b$10$YourHashedPasswordHere', '85988776655', '12345678901243', 71, 2, NOW());

-- ================================================================
-- INSERIR CAMPANHAS DE TESTE
-- ================================================================
INSERT INTO Projeto (id, titulo, descricao, categoria_id, criador_id, cidade_id, data_inicio, data_fim, meta_participantes, status_id, data_criacao) VALUES
(1, 'Limpeza da Praia de Copacabana', 
 'Campanha de limpeza e conscientizaĂ§ĂŁo ambiental na praia de Copacabana. Vamos juntos cuidar do nosso litoral!',
 3, 3, 48, '2026-06-01', '2026-06-30', 150, 2, NOW()),

(2, 'EducaĂ§ĂŁo Digital para Idosos',
 'Oferecemos aulas gratuitas de informĂĄtica e internet para idosos. Ajude a reduzir a exclusĂŁo digital!',
 1, 2, 63, '2026-05-15', '2026-08-15', 200, 2, NOW()),

(3, 'Horta ComunitĂĄria SustentĂĄvel',
 'CriaĂ§ĂŁo de uma horta comunitĂĄria no bairro para promover alimentaĂ§ĂŁo saudĂĄvel e educaĂ§ĂŁo ambiental.',
 3, 5, 29, '2026-07-01', '2026-12-31', 100, 1, NOW()),

(4, 'Campanha de VacinaĂ§ĂŁo Infantil',
 'MobilizaĂ§ĂŁo para aumentar as taxas de vacinaĂ§ĂŁo em crianĂ§as menores de 5 anos.',
 2, 4, 13, '2026-06-10', '2026-07-10', 500, 2, NOW()),

(5, 'Reforma da Escola Municipal',
 'VoluntĂĄrios ajudando na reforma e pintura da escola municipal da comunidade.',
 1, 7, 62, '2026-05-20', '2026-07-20', 80, 1, NOW()),

(6, 'Coleta e Reciclagem de EletrĂŽnicos',
 'Campanha de coleta de lixo eletrĂŽnico para reciclagem responsĂĄvel e educaĂ§ĂŁo sobre sustentabilidade.',
 3, 6, 60, '2026-06-15', '2026-08-15', 120, 2, NOW()),

(7, 'DistribuiĂ§ĂŁo de Alimentos',
 'ArrecadaĂ§ĂŁo e distribuiĂ§ĂŁo de alimentos para famĂ­lias em situaĂ§ĂŁo de vulnerabilidade.',
 8, 9, 16, '2026-05-01', '2026-005-30', 200, 2, NOW()),

(8, 'Aulas de ReforĂ§o Escolar',
 'Oferecemos aulas gratuitas de reforĂ§o em PortuguĂȘs, MatemĂĄtica e CiĂȘncias para alunos do ensino fundamental.',
 1, 2, 70, '2026-04-15', '2026-12-31', 50, 2, NOW()),

(9, 'Programa de SaĂșde Preventiva',
 'Campanha de conscientizaĂ§ĂŁo sobre saĂșde preventiva e distribuiĂ§ĂŁo de panfletos educativos.',
 2, 8, 54, '2026-06-20', '2026-07-20', 300, 1, NOW()),

(10, 'Iniciativa de Empoderamento Feminino',
 'Workshops e palestras sobre empoderamento feminino, direitos e autonomia financeira.',
 1, 3, 71, '2026-07-01', '2026-09-30', 150, 1, NOW());

-- ================================================================
-- INSERIR INFORMAĂĂES DE CAMPANHAS
-- ================================================================
INSERT INTO Info_campanha (projeto_id, objetivos, publico_alvo, impacto_esperado, regras, observacoes) VALUES
(1, 
 'Limpar 5km de praia e conscientizar sobre poluiĂ§ĂŁo marinha',
 'Adultos e jovens com idade mĂ­nima de 16 anos',
 'RemoĂ§ĂŁo de 5 toneladas de resĂ­duos e sensibilizaĂ§ĂŁo de 500+ pessoas',
 'Trazer equipamento de proteĂ§ĂŁo pessoal. Menores de 18 devem ser acompanhados por responsĂĄvel.',
 'Contato: joao@impacta.com'),

(2,
 'Ensinar noĂ§Ă”es bĂĄsicas de informĂĄtica e navegaĂ§ĂŁo na internet',
 'Idosos com idade acima de 60 anos',
 'CapacitaĂ§ĂŁo de 100+ pessoas na ĂĄrea digital',
 'Sem prĂ©-requisitos. Aulas em grupos de 10-15 pessoas',
 'Local: Centro ComunitĂĄrio de SĂŁo Paulo'),

(3,
 'Criar espaĂ§o verde e produzir alimentos organicamente',
 'Moradores do bairro, especialmente crianĂ§as e famĂ­lias',
 'ReduĂ§ĂŁo de gastos com alimentaĂ§ĂŁo e educaĂ§ĂŁo ambiental',
 'ParticipaĂ§ĂŁo semanal mĂ­nima de 4 horas',
 'Contato: ana@impacta.com'),

(4,
 'Aumentar cobertura vacinal de menores de 5 anos',
 'Pais e responsĂĄveis de crianĂ§as menores de 5 anos',
 'VacinaĂ§ĂŁo de 500+ crianĂ§as',
 'VoluntĂĄrios devem ter experiĂȘncia ou treinamento em saĂșde pĂșblica',
 'Apoio de profissionais de saĂșde local'),

(5,
 'Melhorar infraestrutura da escola municipal',
 'Alunos, pais e comunidade geral',
 'Escola com infraestrutura melhorada e maior atratividade',
 'ExperiĂȘncia em reforma e pintura Ă© bem-vinda mas nĂŁo obrigatĂłria',
 'HorĂĄrios podem ser ajustados conforme disponibilidade'),

(6,
 'Coletar e reciclar resĂ­duos eletrĂŽnicos de forma responsĂĄvel',
 'Moradores e empresas com equipamentos obsoletos',
 'Coleta de 2 toneladas de eletrĂŽnicos',
 'Equipamentos devem estar seguros para manipulaĂ§ĂŁo',
 'Parceria com empresas de reciclagem certificadas'),

(7,
 'Garantir seguranĂ§a alimentar para famĂ­lias necessitadas',
 'FamĂ­lias de baixa renda inscritas no programa social',
 'AlimentaĂ§ĂŁo garantida para 200+ pessoas mensalmente',
 'VoluntĂĄrios devem ajudar na seleĂ§ĂŁo, embalagem e distribuiĂ§ĂŁo',
 'Contato: fernando@impacta.com'),

(8,
 'Melhorar desempenho acadĂȘmico em disciplinas essenciais',
 'Alunos do ensino fundamental com dificuldades de aprendizado',
 'Melhora de 30% no desempenho acadĂȘmico',
 'MĂĄximo 15 alunos por turma. FrequĂȘncia mĂ­nima de 80%',
 'Aulas 3x por semana, 1,5h cada'),

(9,
 'Promover hĂĄbitos de vida saudĂĄvel na comunidade',
 'Moradores de todas as idades',
 'ConscientizaĂ§ĂŁo de 500+ pessoas',
 'VoluntĂĄrios devem ser sensibilizados sobre saĂșde preventiva',
 'Material educativo: panfletos e vĂ­deos'),

(10,
 'Empoderar mulheres atravĂ©s de educaĂ§ĂŁo e capacitaĂ§ĂŁo',
 'Mulheres de 18 a 60 anos de todas as classes sociais',
 'CapacitaĂ§ĂŁo de 150+ mulheres e aumento de autonomia',
 'EspaĂ§o seguro para discussĂŁo e aprendizado. Palestras em portuguĂȘs',
 'Oferecemos certificados de participaĂ§ĂŁo');

-- ================================================================
-- VALIDAĂĂO
-- ================================================================
SELECT 'USUĂRIOS INSERIDOS' as INFO;
SELECT COUNT(*) as total_usuarios FROM Usuario;

SELECT 'CAMPANHAS INSERIDAS' as INFO;
SELECT COUNT(*) as total_campanhas FROM Projeto;
SELECT COUNT(*) as total_infos FROM Info_campanha;

SELECT 'DETALHES DAS CAMPANHAS' as INFO;
SELECT p.id, p.titulo, u.nome as criador, c.nome as cidade, sc.nome as status
FROM Projeto p
JOIN Usuario u ON p.criador_id = u.id
JOIN Cidade c ON p.cidade_id = c.id
JOIN Status_campanha sc ON p.status_id = sc.id
ORDER BY p.id;
